{"best_ind": [0.8996244499330606, 1.0429291807049041, 0.1314384392830109, 0.0005, 0.02885727070864183, 26.50574268619805, 0.5817734125752995, 0.44106019076777275], "best_err": 0.11541434661064787}